,name,player_y,slug,date_y
47857,,Cameron Oliver,,2017-10-17
47858,,Bobby Brown,,2017-10-17
47859,,Andre Iguodala,,2017-10-17
47860,,Marcus Morris,,2017-10-17
47861,,Jose Calderon,,2017-10-17
47862,,Channing Frye,,2017-10-17
47863,,Tarik Black,,2017-10-17
47864,,Nene Hilario,,2017-10-17
47865,,Isaiah Thomas,,2017-10-17
47866,,Zhou Qi,,2017-10-17
47867,,JaVale McGee,,2017-10-17
47868,,Devin Williams,,2017-10-17
47869,,Guerschon Yabusele,,2017-10-17
47870,,L.J. Peak,,2017-10-17
47871,,Abdel Nader,,2017-10-17
47872,,Daniel Theis,,2017-10-17
47873,,Jabari Bird,,2017-10-17
47874,,Tim Quarterman,,2017-10-17
47875,,Kadeem Allen,,2017-10-17
47876,,Cedi Osman,,2017-10-17
47877,,Ante Zizic,,2017-10-17
47878,,Antonius Cleveland,,2017-10-17
47879,,Chris Boucher,,2017-10-17
47880,,George de Paula,,2017-10-17
47881,,Andrew White III,,2017-10-17
47882,,Troy Williams,,2017-10-17
47883,,Alex Hamilton,,2017-10-17
47884,,Chinanu Onuaku,,2017-10-17
47885,,Georges Niang,,2017-10-17
47886,,Chris Johnson,,2017-10-17
47887,,Kendrick Perkins,,2017-10-17
47888,,Walter Tavares,,2017-10-17
47889,,Richard Jefferson,,2017-10-17
47890,,Jonathan Holmes,,2017-10-17
47891,,Isaiah Taylor,,2017-10-17
47892,,Damian Jones,,2017-10-17
47893,,Kay Felder,,2017-10-17
47894,,John Holland,,2017-10-17
47895,,Michael Gbinije,,2017-10-17
47896,,Demetrius Jackson,,2017-10-17
47897,,Darrell Arthur,,2017-10-18
47898,,Davon Reed,,2017-10-18
47899,,Jared Dudley,,2017-10-18
47900,,Derrick Jones Jr.,,2017-10-18
47901,,Eric Griffin,,2017-10-18
47902,,Nate Wolters,,2017-10-18
47903,,Royce O'Neale,,2017-10-18
47904,,Dante Exum,,2017-10-18
47905,,Brandon Knight,,2017-10-18
47906,,Tony Bradley,,2017-10-18
47907,,Edmond Sumner,,2017-10-18
47908,,Monte Morris,,2017-10-18
47909,,Jordan Mickey,,2017-10-18
47910,,Jacob Wiley,,2017-10-18
47911,,Tyler Zeller,,2017-10-18
47912,,Yakuba Ouattara,,2017-10-18
47913,,Isaiah Whitehead,,2017-10-18
47914,,Joe Harris,,2017-10-18
47915,,Joseph Young,,2017-10-18
47916,,Ike Anigbogu,,2017-10-18
47917,,Alex Poythress,,2017-10-18
47918,,C.J. Wilcox,,2017-10-18
47919,,Mangok Mathiang,,2017-10-18
47920,,Torrey Craig,,2017-10-18
47921,,Johnny O'Bryant,,2017-10-18
47922,,Marcus Paige,,2017-10-18
47923,,Dwight Buyks,,2017-10-18
47924,,Anthony Tolliver,,2017-10-18
47925,,Luis Montero,,2017-10-18
47926,,Raulzinho Neto,,2017-10-18
47927,,Reggie Bullock,,2017-10-18
47928,,Tyler Lydon,,2017-10-18
47929,,Matt Williams,,2017-10-18
47931,,Jameer Nelson,,2017-10-18
47932,,DeAndre Liggins,,2017-10-18
47933,,D.J. Wilson,,2017-10-18
47934,,Jason Terry,,2017-10-18
47935,,Sterling Brown,,2017-10-18
47936,,Mirza Teletovic,,2017-10-18
47937,,Shane Larkin,,2017-10-18
47940,,Okaro White,,2017-10-18
47941,,Michael Young,,2017-10-18
47942,,Alexis Ajinca,,2017-10-18
47943,,Ivan Rabb,,2017-10-18
47944,,Vince Hunter,,2017-10-18
47945,,Kobi Simmons,,2017-10-18
47946,,Wayne Selden,,2017-10-18
47947,,Deyonta Davis,,2017-10-18
47948,,Miles Plumlee,,2017-10-18
47949,,Tyler Dorsey,,2017-10-18
47950,,Nicolas Brussino,,2017-10-18
47951,,Maxi Kleber,,2017-10-18
47952,,Jeff Withey,,2017-10-18
47953,,Johnathan Motley,,2017-10-18
47954,,Darrun Hilliard,,2017-10-18
47955,,Matt Costello,,2017-10-18
47956,,Cole Aldrich,,2017-10-18
47957,,Frank Jackson,,2017-10-18
47958,,Anthony Brown,,2017-10-18
47959,,Marcus Georges-Hunt,,2017-10-18
47960,,Justin Patton,,2017-10-18
47961,,Salah Mejri,,2017-10-18
47962,,Josh McRoberts,,2017-10-18
47963,,Aaron Brooks,,2017-10-18
47964,,Solomon Hill,,2017-10-18
47965,,Tomas Satoransky,,2017-10-18
47966,,Nik Stauskas,,2017-10-18
47967,,Jacob Pullen,,2017-10-18
47968,,James McAdoo,,2017-10-18
47969,,Justin Anderson,,2017-10-18
47970,,Furkan Korkmaz,,2017-10-18
47971,,Chris McCullough,,2017-10-18
47972,,Jamel Artis,,2017-10-18
47973,,Marreese Speights,,2017-10-18
47974,,Adreian Payne,,2017-10-18
47975,,Shelvin Mack,,2017-10-18
47976,,Wesley Iwundu,,2017-10-18
47977,,A.J. Hammons,,2017-10-18
47978,,Udonis Haslem,,2017-10-18
47979,,Khem Birch,,2017-10-18
47980,,Derrick Walton Jr.,,2017-10-18
47981,,Sheldon McClellan,,2017-10-18
47982,,Jalen Jones,,2017-10-18
47983,,Charles Cooke,,2017-10-18
47984,,JaKarr Sampson,,2017-10-18
47985,,Georgios Papagiannis,,2017-10-18
47986,,Carrick Felix,,2017-10-18
47987,,Jack Cooley,,2017-10-18
47988,,Frank Mason III,,2017-10-18
47992,,Devin Robinson,,2017-10-18
47993,,Harry Giles,,2017-10-18
47994,,Omer Asik,,2017-10-18
47995,,Rajon Rondo,,2017-10-18
47996,,Zach Randolph,,2017-10-18
47997,,Patrick Mills,,2017-10-18
47998,,Ersan Ilyasova,,2017-10-18
47999,,Skal Labissiere,,2017-10-18
48000,,Taurean Prince,,2017-10-18
48001,,Markieff Morris,,2017-10-18
48002,,Jabari Parker,,2017-10-18
48003,,Dennis Schroder,,2017-10-18
48004,,Nikola Vucevic,,2017-10-18
48005,,Jusuf Nurkic,,2017-10-18
48006,,Chris Paul,,2017-10-18
48007,,Kawhi Leonard,,2017-10-18
48008,,Nikola Jokic,,2017-10-18
48009,,C.J. McCollum,,2017-10-18
48010,,Goran Dragic,,2017-10-18
48011,,Dario Saric,,2017-10-18
48012,,Gordon Hayward,,2017-10-18
48013,,Dennis Smith Jr.,,2017-10-18
48014,,Michael Kidd-Gilchrist,,2017-10-18
48016,,Timothe Luwawu-Cabarrot,,2017-10-18
48017,,Mario Hezonja,,2017-10-18
48018,,Al Jefferson,,2017-10-18
48019,,Noah Vonleh,,2017-10-18
48020,,Manu Ginobili,,2017-10-18
48021,,Ben McLemore,,2017-10-18
48022,,Tony Parker,,2017-10-18
48023,,Davis Bertans,,2017-10-18
48025,,Jonas Jerebko,,2017-10-18
48026,,Rodney McGruder,,2017-10-18
48027,,TJ Leaf,,2017-10-18
48028,,Michael Carter-Williams,,2017-10-18
48029,,Luke Kennard,,2017-10-18
48030,,DeAndre Bembry,,2017-10-18
48032,,Gian Clavell,,2017-10-18
48033,,Zach Collins,,2017-10-18
48034,,Alan Williams,,2017-10-18
48035,,Arron Afflalo,,2017-10-18
48036,,Alex Len,,2017-10-18
48037,,Ishmael Smith,,2017-10-18
48038,,Juan Hernangomez,,2017-10-18
48039,,Seth Curry,,2017-10-18
48040,,Sean Kilpatrick,,2017-10-18
48041,,Juan Jose Barea,,2017-10-18
48042,,Bojan Bogdanovic,,2017-10-18
48043,,Bogdan Bogdanovic,,2017-10-18
48044,,Nicolas Batum,,2017-10-18
48045,,Kelly Oubre Jr.,,2017-10-18
48046,,Jahlil Okafor,,2017-10-18
48047,,Jarrett Allen,,2017-10-18
48048,,Glenn Robinson III,,2017-10-18
48049,,Boban Marjanovic,,2017-10-18
48050,,Richaun Holmes,,2017-10-18
48052,,Kristaps Porzingis,,2017-10-19
48053,,Bobby Portis,,2017-10-19
48054,,Tim Hardaway Jr.,,2017-10-19
48055,,Nikola Mirotic,,2017-10-19
48056,,Louis Williams,,2017-10-19
48057,,Kris Dunn,,2017-10-19
48058,,Guillermo Hernangomez,,2017-10-19
48059,,Milos Teodosic,,2017-10-19
48060,,Jonas Valanciunas,,2017-10-19
48061,,Zach LaVine,,2017-10-19
48062,,Kentavious Caldwell-Pope,,2017-10-19
48063,,Larry Nance Jr.,,2017-10-19
48064,,Joakim Noah,,2017-10-19
48065,,Cristiano Da Silva Felicio,,2017-10-19
48066,,Ivica Zubac,,2017-10-19
48067,,Josh Hart,,2017-10-19
48068,,Thomas Bryant,,2017-10-19
48069,,Lucas Nogueira,,2017-10-19
48070,,Jarrett Jack,,2017-10-19
48071,,Alex Abrines,,2017-10-19
48072,,Mindaugas Kuzminskas,,2017-10-19
48073,,Jakob Poeltl,,2017-10-19
48074,,Kyle Singler,,2017-10-19
48075,,K.J. McDaniels,,2017-10-19
48076,,Nick Collison,,2017-10-19
48077,,Bruno Caboclo,,2017-10-19
48078,,Lorenzo Brown,,2017-10-19
48079,,Malcolm Miller,,2017-10-19
48080,,Jamil Wilson,,2017-10-19
48081,,Cameron Payne,,2017-10-19
48082,,C.J. Williams,,2017-10-19
48083,,Brice Johnson,,2017-10-19
48084,,Jawun Evans,,2017-10-19
48085,,Luke Kornet,,2017-10-19
48086,,PJ Dozier,,2017-10-19
48087,,Daniel Hamilton,,2017-10-19
48088,,Myles Turner,,2017-10-20
48092,,Aaron Gordon,,2017-10-20
48096,,Marcus Smart,,2017-10-20
48097,,Jeremy Lin,,2017-10-20
48115,,Jason Smith,,2017-10-20
48118,,Cody Zeller,,2017-10-20
48120,,Tyler Ulis,,2017-10-20
48122,,Patrick McCaw,,2017-10-20
48126,,Luol Deng,,2017-10-20
48133,,Henry Ellenson,,2017-10-20
48134,,Omri Casspi,,2017-10-20
48137,,Cheick Diallo,,2017-10-20
48138,,Devin Harris,,2017-10-20
48157,,Meyers Leonard,,2017-10-20
48165,,Quinn Cook,,2017-10-20
48166,,Kevon Looney,,2017-10-20
48179,,Gary Payton II,,2017-10-20
48182,,Malachi Richardson,,2017-10-20
48187,,Semi Ojeleye,,2017-10-20
48195,,Vander Blue,,2017-10-20
48205,,Alec Peters,,2017-10-20
48208,,London Perrantes,,2017-10-20
48218,,Hassan Whiteside,,2017-10-21
48224,,Elfrid Payton,,2017-10-21
48234,,Rodney Hood,,2017-10-21
48239,,Derrick Rose,,2017-10-21
48240,,JaMychal Green,,2017-10-21
48251,,Caleb Swanigan,,2017-10-21
48261,,Langston Galloway,,2017-10-21
48265,,Frank Ntilikina,,2017-10-21
48270,,Quincy Pondexter,,2017-10-21
48283,,Lance Thomas,,2017-10-21
48290,,Eric Moreland,,2017-10-21
48298,,Rashad Vaughn,,2017-10-21
48315,,Jake Layman,,2017-10-21
48317,,Ryan Arcidiacono,,2017-10-21
48319,,Antonio Blakeney,,2017-10-21
48331,,Bam Adebayo,,2017-10-21
48336,,Damyean Dotson,,2017-10-21
48339,,Dakari Johnson,,2017-10-21
48344,,Derrick White,,2017-10-21
48358,,Jordan Crawford,,2017-10-22
48379,,Alex Caruso,,2017-10-22
48385,,Terrance Ferguson,,2017-10-22
48394,,Eric Bledsoe,,2017-10-23
48399,,Malcolm Brogdon,,2017-10-23
48459,,Julyan Stone,,2017-10-23
48461,,Trey Lyles,,2017-10-23
48463,,Josh Magette,,2017-10-23
48478,,Pascal Siakam,,2017-10-23
48479,,Joel Bolomboy,,2017-10-23
48505,,Alfonzo McKinnie,,2017-10-23
48514,,Jimmy Butler,,2017-10-24
48552,,Sam Dekker,,2017-10-24
48553,,Montrezl Harrell,,2017-10-24
48563,,Wade Baldwin,,2017-10-24
48569,,Isaiah Hicks,,2017-10-24
48592,,D'Angelo Russell,,2017-10-25
48598,,Dwyane Wade,,2017-10-25
48607,,Trevor Ariza,,2017-10-25
48608,,Markelle Fultz,,2017-10-25
48623,,Nick Young,,2017-10-25
48628,,Alec Burks,,2017-10-25
48632,,Chandler Parsons,,2017-10-25
48657,,Tyler Ennis,,2017-10-25
48661,,Joffrey Lauvergne,,2017-10-25
48676,,Briante Weber,,2017-10-25
48728,,Anthony Davis,,2017-10-26
48749,,Paul Zipser,,2017-10-26
48775,,Dorian Finney-Smith,,2017-10-26
48819,,Ramon Sessions,,2017-10-27
48831,,Shaun Livingston,,2017-10-27
48836,,Ron Baker,,2017-10-27
48837,,Jordan Bell,,2017-10-27
48840,,Isaiah Canaan,,2017-10-27
48844,,Andrew Bogut,,2017-10-27
48859,,Treveon Graham,,2017-10-27
48904,,Eric Gordon,,2017-10-28
48914,,J.J. Redick,,2017-10-28
48933,,Shabazz Napier,,2017-10-28
49017,,DeMarre Carroll,,2017-10-29
49021,,Frank Kaminsky,,2017-10-29
49023,,George Hill,,2017-10-29
49025,,Greg Monroe,,2017-10-29
49034,,Iman Shumpert,,2017-10-29
49039,,Michael Beasley,,2017-10-29
49040,,Kenneth Faried,,2017-10-29
49043,,Jonathan Isaac,,2017-10-29
49052,,Quincy Acy,,2017-10-29
49059,,Damien Wilkins,,2017-10-29
49120,,Serge Ibaka,,2017-10-30
49235,,Garrett Temple,,2017-10-31
49243,,Vince Carter,,2017-10-31
49279,,Otto Porter,,2017-11-01
49284,,Mike Conley,,2017-11-01
49288,,James Johnson,,2017-11-01
49324,,Joe Johnson,,2017-11-01
49432,,Josh Smith,,2017-11-01
49446,,Al-Farouq Aminu,,2017-11-02
49490,,Trevor Booker,,2017-11-03
49491,,D.J. Augustin,,2017-11-03
49505,,Tristan Thompson,,2017-11-03
49507,,Malcolm Delaney,,2017-11-03
49515,,C.J. Miles,,2017-11-03
49542,,Jon Leuer,,2017-11-03
49567,,Josh Huestis,,2017-11-03
49695,,John Wall,,2017-11-05
49708,,Dion Waiters,,2017-11-05
49734,,Mike Muscala,,2017-11-05
49839,,David West,,2017-11-06
49870,,Joel Embiid,,2017-11-07
49874,,Domantas Sabonis,,2017-11-07
49876,,Rondae Hollis-Jefferson,,2017-11-07
49877,,Danilo Gallinari,,2017-11-07
49900,,David Nwaba,,2017-11-07
49905,,Jerryd Bayless,,2017-11-07
49920,,Andrew Harrison,,2017-11-07
50015,,Kevin Durant,,2017-11-08
50017,,Al Horford,,2017-11-08
50025,,Tyler Johnson,,2017-11-08
50026,,Stanley Johnson,,2017-11-08
50027,,Tyson Chandler,,2017-11-08
50100,,Luc Mbah a Moute,,2017-11-09
50102,,Ian Clark,,2017-11-09
50169,,Steven Adams,,2017-11-10
50170,,Patrick Beverley,,2017-11-10
50275,,Rudy Gobert,,2017-11-11
50290,,Gary Harris,,2017-11-11
50295,,Danny Green,,2017-11-11
50302,,Spencer Dinwiddie,,2017-11-11
50310,,Gorgui Dieng,,2017-11-11
50328,,Nerlens Noel,,2017-11-11
50331,,Amir Johnson,,2017-11-11
50419,,Tony Allen,,2017-11-11
50432,,Kyrie Irving,,2017-11-12
50434,,Carmelo Anthony,,2017-11-12
50485,,Stephen Curry,,2017-11-13
50624,,Norman Powell,,2017-11-14
50634,,Dwight Powell,,2017-11-14
50667,,Justin Holiday,,2017-11-15
50694,,Jarell Martin,,2017-11-15
50705,,Mike Scott,,2017-11-15
50714,,Matthew Dellavedova,,2017-11-15
50858,,Ricky Rubio,,2017-11-17
50874,,Thabo Sefolosha,,2017-11-17
50891,,Delon Wright,,2017-11-17
50896,,Justin Jackson,,2017-11-17
50898,,Timofey Mozgov,,2017-11-17
50928,,Willie Reed,,2017-11-17
51010,,Buddy Hield,,2017-11-18
51021,,Malik Monk,,2017-11-18
51134,,Malik Beasley,,2017-11-19
51167,,Paul Millsap,,2017-11-20
51182,,Wilson Chandler,,2017-11-20
51209,,Brandan Wright,,2017-11-20
51330,,Giannis Antetokounmpo,,2017-11-22
51357,,Ryan Anderson,,2017-11-22
51358,,John Henson,,2017-11-22
51373,,Luke Babbitt,,2017-11-22
51524,,Draymond Green,,2017-11-24
51534,,Jeff Teague,,2017-11-24
51537,,Enes Kanter,,2017-11-24
51557,,James Ennis,,2017-11-24
51566,,Nemanja Bjelica,,2017-11-24
51665,,Ben Simmons,,2017-11-25
51671,,Victor Oladipo,,2017-11-25
51678,,Jaylen Brown,,2017-11-25
51800,,Devin Booker,,2017-11-26
51806,,Allen Crabbe,,2017-11-26
51862,,Rudy Gay,,2017-11-27
52030,,Kemba Walker,,2017-11-29
52037,,Kyle Kuzma,,2017-11-29
52038,,Mario Chalmers,,2017-11-29
52058,,Shabazz Muhammad,,2017-11-29
52165,,Blake Griffin,,2017-11-30
52175,,Dewayne Dedmon,,2017-11-30
52182,,T.J. McConnell,,2017-11-30
52256,,Terrence Ross,,2017-12-01
52269,,Dwayne Bacon,,2017-12-01
52356,,John Collins,,2017-12-02
52466,,LaMarcus Aldridge,,2017-12-03
52548,,Kyle Anderson,,2017-12-04
52585,,Zaza Pachulia,,2017-12-04
52751,,Willie Cauley-Stein,,2017-12-06
52879,,Paul George,,2017-12-07
52891,,Jerami Grant,,2017-12-07
52910,,Ekpe Udoh,,2017-12-07
52946,,Evan Fournier,,2017-12-08
52961,,Tony Snell,,2017-12-08
53067,,Kevin Love,,2017-12-09
53081,,Pau Gasol,,2017-12-09
53088,,Jeremy Lamb,,2017-12-09
53121,,Maurice Harkless,,2017-12-09
53222,,Robert Covington,,2017-12-10
53223,,Darren Collison,,2017-12-10
53325,,Lauri Markkanen,,2017-12-11
53330,,Andre Roberson,,2017-12-11
53335,,Dante Cunningham,,2017-12-11
53434,,Ian Mahinmi,,2017-12-12
53467,,Danuel House,,2017-12-12
53496,,Tyreke Evans,,2017-12-13
53499,,Will Barton,,2017-12-13
53701,,Austin Rivers,,2017-12-15
53710,,Avery Bradley,,2017-12-15
53720,,Tyler Cavanaugh,,2017-12-15
53722,,Justise Winslow,,2017-12-15
53849,,Clint Capela,,2017-12-16
53860,,Derrick Favors,,2017-12-16
53870,,Mike James,,2017-12-16
53966,,De'Aaron Fox,,2017-12-17
53977,,Tim Frazier,,2017-12-17
54058,,Wesley Johnson,,2017-12-18
54059,,Emmanuel Mudiay,,2017-12-18
54215,,Donovan Mitchell,,2017-12-20
54241,,Brook Lopez,,2017-12-20
54268,,Brandon Paul,,2017-12-20
54298,,Matt Williams Jr.,,2017-12-20
54320,,Milton Doyle,,2017-12-20
54389,,J.R. Smith,,2017-12-21
54446,,Damian Lillard,,2017-12-22
54583,,Brandon Ingram,,2017-12-23
54676,,Erik McCree,,2017-12-23
54713,,Sindarius Thornwell,,2017-12-23
54744,,Lonzo Ball,,2017-12-25
54897,,Kyle Collinsworth,,2017-12-26
54923,,Naz Long,,2017-12-26
54967,,Kosta Koufos,,2017-12-27
55076,,Reggie Jackson,,2017-12-28
55554,,Josh Jackson,,2018-01-02
55597,,James Harden,,2018-01-03
55598,,Andre Drummond,,2018-01-03
55616,,Caris LeVert,,2018-01-03
55800,,T.J. Warren,,2018-01-05
55937,,Jonathon Simmons,,2018-01-06
56229,,Kyle Lowry,,2018-01-09
56292,,Klay Thompson,,2018-01-10
56375,,Xavier Munford,,2018-01-10
56454,,Corey Brewer,,2018-01-11
56459,,James Young,,2018-01-11
56501,,Marquese Chriss,,2018-01-12
56507,,Evan Turner,,2018-01-12
56516,,Marco Belinelli,,2018-01-12
56545,,Jodie Meeks,,2018-01-12
56620,,DeAndre Jordan,,2018-01-13
56961,,Marc Gasol,,2018-01-17
56972,,Jamal Murray,,2018-01-17
56989,,Fred VanVleet,,2018-01-17
57013,,Trey Burke,,2018-01-17
57068,,Marshall Plumlee,,2018-01-17
57070,,James Webb III,,2018-01-17
57099,,Myke Henry,,2018-01-17
57108,,Gerald Green,,2018-01-18
57131,,Markel Brown,,2018-01-18
57146,,Ben Moore,,2018-01-18
57149,,Amile Jefferson,,2018-01-18
57261,,Reggie Hearn,,2018-01-19
57308,,Jamal Crawford,,2018-01-20
57368,,R.J. Hunter,,2018-01-20
57427,,Jarell Eddie,,2018-01-21
57600,,Kyle O'Quinn,,2018-01-23
57642,,Nigel Hayes,,2018-01-23
58111,,DeMarcus Cousins,,2018-01-28
58122,,Larry Drew,,2018-01-28
58263,,Tobias Harris,,2018-01-30
58278,,Mason Plumlee,,2018-01-30
58415,,Marvin Williams,,2018-01-31
58829,,Josh Gray,,2018-02-04
58898,,Harrison Barnes,,2018-02-05
59081,,Jrue Holiday,,2018-02-07
59089,,Lance Stephenson,,2018-02-07
59092,,Thaddeus Young,,2018-02-07
59099,,Kelly Olynyk,,2018-02-07
59102,,Cory Joseph,,2018-02-07
59105,,E'Twaun Moore,,2018-02-07
59107,,Wayne Ellington,,2018-02-07
59110,,Darius Miller,,2018-02-07
59178,,Emeka Okafor,,2018-02-07
59190,,Russell Westbrook,,2018-02-08
59219,,Doug McDermott,,2018-02-08
59280,,Jordan Clarkson,,2018-02-09
59292,,Jae Crowder,,2018-02-09
59407,,Dejounte Murray,,2018-02-10
59484,,Wesley Matthews,,2018-02-11
59486,,Dirk Nowitzki,,2018-02-11
59752,,Kent Bazemore,,2018-02-14
59773,,Tyrone Wallace,,2018-02-14
59938,,Jerian Grant,,2018-02-22
59941,,Robin Lopez,,2018-02-22
60087,,Marcus Thornton,,2018-02-23
60094,,Brandon Rush,,2018-02-23
60139,,Trey McKinney Jones,,2018-02-23
60156,,Walt Lemon Jr.,,2018-02-23
60177,,Aron Baynes,,2018-02-24
60427,,Derrick Williams,,2018-03-19
60491,,Jaylen Morris,,2018-03-20
60520,,David Stockton,,2018-03-20
60549,,Jameel Warney,,2018-03-20
60584,,Kyle Korver,,2018-03-21
60673,,Dwight Howard,,2018-03-22
60965,,Aaron Harrison,,2018-03-24
61087,,Le'Bryan Nash,,2018-03-25
61175,,Marquis Teague,,2018-03-26
61250,,C.J. Fair,,2018-03-27
61270,,Thon Maker,,2018-03-27
61331,,Courtney Lee,,2018-03-28
61445,,Bryn Forbes,,2018-03-29
61577,,Travis Wear,,2018-03-30
61739,,MarShon Brooks,,2018-04-01
61746,,Ed Davis,,2018-04-01
61876,,Terry Rozier,,2018-04-03
61886,,Denzel Valentine,,2018-04-03
61932,,Brandon Jennings,,2018-04-03
62053,,Xavier Silas,,2018-04-03
62217,,Jayson Tatum,,2018-04-06
62234,,Troy Daniels,,2018-04-06
62290,,Jeremy Evans,,2018-04-06
62429,,DeMar DeRozan,,2018-04-08
62913,,Ty Lawson,,2018-04-14
62962,,Jonathan Gibson,,2018-04-15
62998,,Aaron Jackson,,2018-04-15
63313,,Tyus Jones,,2018-04-23
63752,,P.J. Tucker,,2018-05-13
64094,,Robert Williams,,2018-10-16
64101,,Damion Lee,,2018-10-16
64108,,Bryce Alford,,2018-10-16
64111,,Jeff Roberson,,2018-10-16
64112,,Nick King,,2018-10-16
64113,,Kendrick Nunn,,2018-10-16
64114,,Jacob Evans III,,2018-10-16
64115,,Marcus Derrickson,,2018-10-16
64116,,Shake Milton,,2018-10-16
64117,,Norvel Pelle,,2018-10-16
64118,,Zhaire Smith,,2018-10-16
64119,,Deonte Burton,,2018-10-16
64120,,Richard Solomon,,2018-10-16
64121,,Abdul Gaddy,,2018-10-16
64122,,Tyler Davis,,2018-10-16
64126,,Luka Doncic,,2018-10-17
64141,,Marvin Bagley III,,2018-10-17
64146,,Mohamed Bamba,,2018-10-17
64149,,Jaren Jackson Jr.,,2018-10-17
64164,,Dragan Bender,,2018-10-17
64173,,Elie Okobo,,2018-10-17
64179,,Isaiah Briscoe,,2018-10-17
64182,,Josh Okogie,,2018-10-17
64196,,Grayson Allen,,2018-10-17
64204,,Jerome Robinson,,2018-10-17
64209,,Khyri Thomas,,2018-10-17
64211,,Kostas Antetokounmpo,,2018-10-17
64215,,Bruce Brown Jr.,,2018-10-17
64216,,Jarred Vanderbilt,,2018-10-17
64217,,DeVaughn Akoon-Purcell,,2018-10-17
64218,,Michael Porter Jr.,,2018-10-17
64219,,Angel Delgado,,2018-10-17
64221,,Alize Johnson,,2018-10-17
64225,,Jevon Carter,,2018-10-17
64226,,D.J. Stephens,,2018-10-17
64227,,Yuta Watanabe,,2018-10-17
64228,,Pat Connaughton,,2018-10-17
64231,,Trevon Duval,,2018-10-17
64233,,Devonte' Graham,,2018-10-17
64234,,Bismack Biyombo,,2018-10-17
64235,,J.P. Macura,,2018-10-17
64236,,Joe Chealey,,2018-10-17
64237,,Duncan Robinson,,2018-10-17
64238,,Yante Maten,,2018-10-17
64240,,Melvin Frazier,,2018-10-17
64241,,Troy Caupain,,2018-10-17
64244,,Billy Preston,,2018-10-17
64246,,Jordan Loyd,,2018-10-17
64247,,Keenan Evans,,2018-10-17
64250,,Dzanan Musa,,2018-10-17
64251,,Theo Pinson,,2018-10-17
64253,,Trevon Bluiett,,2018-10-17
64254,,Vincent Edwards,,2018-10-17
64260,,Daryl Macon,,2018-10-17
64261,,De'Anthony Melton,,2018-10-17
64263,,George King,,2018-10-17
64264,,Wenyen Gabriel,,2018-10-17
64270,,Keita Bates-Diop,,2018-10-17
64273,,James Nunnally,,2018-10-17
64274,,Jared Terrell,,2018-10-17
64276,,Chimezie Metu,,2018-10-17
64277,,Lonnie Walker IV,,2018-10-17
64279,,Drew Eubanks,,2018-10-17
64291,,Wendell Carter Jr.,,2018-10-18
64294,,Svi Mykhailiuk,,2018-10-18
64301,,Anfernee Simons,,2018-10-18
64313,,Gary Trent Jr.,,2018-10-18
64316,,Rawle Alkins,,2018-10-18
64317,,Isaac Bonga,,2018-10-18
64318,,Moritz Wagner,,2018-10-18
64321,,Troy Brown,,2018-10-18
64352,,Omari Spellman,,2018-10-19
64371,,Mitchell Robinson,,2018-10-19
64416,,Jaylen Adams,,2018-10-19
64429,,Brad Wanamaker,,2018-10-19
64436,,Kenrich Williams,,2018-10-19
64478,,Miles Bridges,,2018-10-20
64490,,Chandler Hutchison,,2018-10-20
64500,,Isaiah Hartenstein,,2018-10-20
64513,,Zach Lofton,,2018-10-20
64519,,Gary Clark,,2018-10-20
64530,,Jordan McRae,,2018-10-20
64547,,Ray Spalding,,2018-10-20
64570,,Jonah Bolden,,2018-10-20
64596,,Raymond Felton,,2018-10-21
64626,,Thomas Welsh,,2018-10-21
64660,,Kevin Knox,,2018-10-22
64673,,Aaron Holiday,,2018-10-22
64701,,Christian Wood,,2018-10-22
64707,,Shaquille Harrison,,2018-10-22
64817,,Andrew Wiggins,,2018-10-24
64946,,Rodions Kurucs,,2018-10-24
65046,,OG Anunoby,,2018-10-26
65061,,Ryan Broekhoff,,2018-10-26
65238,,Hamidou Diallo,,2018-10-28
65431,,Yogi Ferrell,,2018-10-30
65721,,Marcin Gortat,,2018-11-02
65759,,Chasson Randle,,2018-11-02
65843,,Johnathan Williams,,2018-11-03
66209,,Kevin Huerter,,2018-11-07
66728,,Dillon Brooks,,2018-11-12
67090,,Donte DiVincenzo,,2018-11-16
67217,,Jalen Brunson,,2018-11-17
68679,,Jeff Green,,2018-12-01
68925,,Brandon Goodwin,,2018-12-03
69015,,Khris Middleton,,2018-12-05
69337,,Josh Richardson,,2018-12-08
69460,,Allonzo Trier,,2018-12-09
70049,,Taj Gibson,,2018-12-15
70398,,Julius Randle,,2018-12-19
71194,,LeBron James,,2018-12-27
71409,,Brandon Sampson,,2018-12-28
71884,,Donte Grantham,,2019-01-02
71977,,Jaron Blossomgame,,2019-01-04
72042,,Jarnell Stokes,,2019-01-04
72795,,Haywood Highsmith,,2019-01-11
73424,,Kalin Lucas,,2019-01-18
73430,,Deng Adel,,2019-01-18
73449,,Julian Washburn,,2019-01-18
73557,,Bonzie Colson,,2019-01-19
73586,,Deandre Ayton,,2019-01-20
73953,,Stephan Hicks,,2019-01-23
74520,,Mitch Creek,,2019-01-29
74938,,Emanuel Terry,,2019-02-02
75036,,John Jenkins,,2019-02-04
75334,,Landry Shamet,,2019-02-07
76106,,Karl-Anthony Towns,,2019-02-22
76147,,Patrick Patterson,,2019-02-22
76192,,Jordan Sibert,,2019-02-22
76214,,Scotty Hopson,,2019-02-22
76505,,Terrence Jones,,2019-02-25
76567,,Chris Chiozza,,2019-02-25
76709,,Dairis Bertans,,2019-03-18
76770,,Justin Bibbs,,2019-03-19
76997,,B.J. Johnson,,2019-03-21
77044,,Andre Ingram,,2019-03-22
77107,,Scott Machado,,2019-03-22
77495,,Cody Demps,,2019-03-26
77529,,Jimmer Fredette,,2019-03-27
78462,,Donatas Motiejunas,,2019-04-05
78552,,Dusty Hannahs,,2019-04-05
78589,,Trae Young,,2019-04-07
78662,,Billy Garrett,,2019-04-07
79214,,Michael Frazier,,2019-04-14
82071,,Xavier Rathan-Mayes,,2018-03-15
82703,,Cameron Reynolds,,2019-02-28
82799,,Tahjere McCall,,2019-03-01
